GPS,value
"62.47183552, 6.158772273",20
"62.472973, 6.159842",20
"62.47183552, 6.158772274",20
"62.472973, 6.159843",20
