{"cameraMode":{"drawMode":0,"name":"Shaded","section":"Shading Mode"},"sceneLighting":false,"audioPlay":false,"sceneViewState":{"m_AlwaysRefresh":true,"showFog":true,"showSkybox":false,"showFlares":true,"showImageEffects":true,"showParticleSystems":true,"showVisualEffectGraphs":true,"m_FxEnabled":true},"in2DMode":false,"pivot":{"x":1.3610482215881348,"y":1.6421260833740235,"z":9.534882545471192},"rotation":{"x":0.3010692894458771,"y":-0.032890740782022479,"z":0.010390659794211388,"w":0.9529814720153809},"size":1.2247449159622193,"orthographic":true}