{"cameraMode":{"drawMode":0,"name":"Shaded","section":"Shading Mode"},"sceneLighting":false,"audioPlay":false,"sceneViewState":{"m_AlwaysRefresh":true,"showFog":true,"showSkybox":false,"showFlares":true,"showImageEffects":true,"showParticleSystems":true,"showVisualEffectGraphs":true,"m_FxEnabled":true},"in2DMode":false,"pivot":{"x":15.092019081115723,"y":1.2895679473876954,"z":-0.7462043762207031},"rotation":{"x":-0.23195968568325044,"y":-0.04171787574887276,"z":0.009959910996258259,"w":-0.9717868566513062},"size":6.6842827796936039,"orthographic":true}